{"cameraMode":{"drawMode":0,"name":"Shaded","section":"Shading Mode"},"sceneLighting":true,"audioPlay":false,"sceneViewState":{"m_AlwaysRefresh":false,"showFog":true,"showSkybox":true,"showFlares":true,"showImageEffects":true,"showParticleSystems":true,"showVisualEffectGraphs":true,"m_FxEnabled":true},"in2DMode":false,"pivot":{"x":46.741973876953128,"y":10.855066299438477,"z":29.573837280273439},"rotation":{"x":0.2575683295726776,"y":-0.6852177977561951,"z":0.2852693200111389,"w":0.6186580657958984},"size":0.3013823330402374,"orthographic":false}